김선영,대전광역시 관악구 압구정길,51807,이이이,웨이터,033-041-8988,bjang@example.net,fgu,192.168.147.194,12.219.65.83,올바른 사이즈의 헌신적 안내 창구,Purple
김도현,세종특별자치시 은평구 언주길 (진호김면),44512,김김최,전기/전자 및 기계 공학 시험원,02-9441-6147,coeminseog@example.org,seojihyeon,172.31.168.103,110.139.227.116,더 커진 요약 웹 사이트,LightSeaGreen
오성수,제주특별자치도 정선군 테헤란37거리 (민재서백읍),29313,(주) 김,선박 정비원,018-357-7758,yeongsigi@example.org,coejeongsig,10.134.60.59,89.137.162.235,멀티 채널 수요 중심 모니터링,White
이동현,경기도 평창군 선릉길 (지혜한동),07940,(주) 안박이,관세행정 사무원,044-414-4337,gimyeongil@example.net,eungyeongbag,172.29.57.210,195.146.193.42,올바른 사이즈의 결정 미디어 정보,DarkGoldenRod
장주원,전라북도 당진시 도산대855로,16665,(주) 강류장,종이제품 생산기 조작원,010-4027-5648,songseonyeong@example.org,myeongja96,172.25.194.151,197.161.247.202,줄어든 헌신적 허브,LightGreen
이영철,전라북도 옥천군 석촌호수365길 (민준김읍),84824,이곽김,식품/섬유 공학 및 에너지 시험원,031-413-6443,bagyeongil@example.org,jeonghun17,172.16.66.232,199.19.53.118,줄어든 실행 프레임,Moccasin
최지민,경기도 옥천군 테헤란6가,46745,(주) 황이송,임산물채취 및 기타 임업 관련 종사원,016-743-8719,gimcunja@example.com,gimyeeun,192.168.3.13,178.55.90.121,융합된 결합된 함수,Pink
김영호,광주광역시 광진구 강남대길,49751,이박,운송관련 관리자,063-140-7932,coehayun@example.net,gwangsugim,172.27.225.194,165.80.21.187,안정적인 결정 인터페이스,LemonChiffon
홍영미,충청남도 의정부시 언주로 (윤서정동),50762,김임,철근공,032-441-3647,osin@example.com,jiu55,192.168.254.142,88.238.154.33,강력한 가치추가 엑스트라넷,MintCream
이예은,충청남도 수원시 권선구 논현로 (영일권한마을),25386,진김배,오락시설 서비스원,017-589-2294,gimseojun@example.org,gohayun,10.142.110.215,198.222.95.246,다양한 5세대 에뮬레이션,DarkSlateBlue
권정희,서울특별시 강북구 선릉144거리,38260,유한회사 지김김,택시 운전원,02-9575-4282,zbag@example.org,boramgim,172.30.108.229,63.109.165.27,출판된 다이나믹 유연성,Khaki
배영수,인천광역시 영등포구 압구정4거리,43708,(유) 김,발전 및 배전장치 조작원,061-130-2321,nsim@example.org,haeunryu,172.22.235.101,5.174.197.121,확대된 분리된 연합,PaleGoldenRod
김영숙,울산광역시 양천구 서초중앙로 (경자서김면),47176,유한회사 윤,가수 및 성악가,016-857-0247,gangjeongsug@example.com,jimini,192.168.14.183,135.158.118.128,크로스 플랫폼 국가적 생산 능력,Plum
신민재,전라남도 성남시 언주가,54290,이서,자동차 조립원,044-720-2044,subin52@example.com,seojun37,172.28.249.67,155.123.190.129,관리된 문맥 기반 컨셉,AntiqueWhite
최병철,서울특별시 은평구 반포대1로 (옥순김전마을),31859,김김최,화학공학 시험원,02-2572-5807,gimyeweon@example.com,yunseo67,172.31.14.155,218.177.246.41,단체 기반의 무관용 예산 관리,LightSalmon
김종수,경기도 광명시 반포대길 (정희박리),14491,(주) 장,농업용 및 기타 기계장비 설치 및 정비원,031-952-0635,misugi@example.com,egim,192.168.66.161,130.242.12.108,숙련된 객체 지향적 생산 능력,DarkOliveGreen
송정수,전라북도 안산시 상록구 학동거리 (순옥김면),78161,주식회사 이,기타 건설/전기 및 생산 관련 관리자,044-260-7199,sujinbag@example.com,sanghoi,10.188.45.85,145.231.120.62,디지털화된 그리드 가능 코어,Yellow
신은서,경상남도 청주시 서원구 반포대로 (도윤김오리),74596,주식회사 윤,기타 판매관련 단순 종사원,032-336-4859,seunghyeongim@example.org,yeongjin07,10.227.87.181,107.203.177.136,유저 친화적 국가적 패러다임,Pink
이지훈,경상남도 금산군 테헤란259로,34754,유한회사 성이김,웹 및 멀티미디어 디자이너,054-357-7822,eunjeonggim@example.org,jieuni,10.39.161.69,35.211.105.244,융합력있는 문맥 기반 데이터베이스,Ivory
김미숙,대구광역시 중랑구 서초대로 (은서김이리),15978,유한회사 윤김황,혼례 종사원,070-1738-1439,baeeunseo@example.net,dohyeon95,192.168.21.72,18.24.57.237,비전 있는 필수 도전,SandyBrown
김주원,경상남도 양주시 서초대거리,20257,(유) 최,상품 대여원,018-190-5143,uson@example.org,sanghun82,10.150.179.165,222.94.231.232,다용도 상황에 맞는 미디어 정보,ForestGreen
송상철,경기도 보령시 삼성길 (지아김리),35138,(유) 안,영관급 이상,044-954-1267,jeongsu66@example.org,jeongjahong,192.168.9.135,210.194.228.56,사용자 중심의 스며든 인코딩,DarkTurquoise
오도현,제주특별자치도 동두천시 석촌호수39거리 (은경김이면),37384,(유) 이,곡식작물 재배원,062-172-5396,ncoe@example.org,baggyeonghyi,172.17.140.213,114.48.110.82,인체 공학적인 범국가적 지원,PaleGoldenRod
김혜진,대전광역시 구로구 논현거리,74486,주식회사 이,자동차 부분품 조립원,011-361-4257,haeunson@example.net,gimseoyun,192.168.59.143,187.163.241.54,안정적인 6세대 엑스트라넷,AliceBlue
안준혁,제주특별자치도 양평군 도산대로 (숙자지읍),46679,유한회사 박,컴퓨터 강사,02-8624-6401,rnam@example.com,jgim,10.244.95.141,167.218.0.127,자동화된 결정 공개 시스템,HotPink
이영진,전라남도 양구군 도산대거리,98678,주식회사 고,기타 판매관련 단순 종사원,062-571-7495,seunghyeonbag@example.net,hyeonji23,192.168.228.204,207.243.64.27,완벽히 설정된 고도 기반 허브,Crimson
김은지,대전광역시 은평구 학동22거리,09456,이김,작가 및 관련 전문가,011-820-0149,jeonghyibag@example.org,yeji61,10.114.100.150,39.226.238.156,최전방 결정 지원,LightSteelBlue
윤서준,대구광역시 관악구 도산대4길 (예원최읍),08497,류진,기타 주방장 및 조리사,063-253-3528,vbag@example.org,hyeonjungim,10.6.224.227,212.66.199.24,확장된 보조 표준,ForestGreen
박경자,인천광역시 강서구 강남대로,31551,(주) 김최윤,임상 심리사 및 기타 치료사,017-691-0806,coejeongsug@example.com,areum31,192.168.54.71,157.168.50.92,최적화된 무해한 솔루션,Azure
양중수,울산광역시 강북구 양재천길,58245,최손양,산업안전 및 위험 관리원,043-043-7291,eunseo20@example.com,json,192.168.214.86,67.139.255.50,진보적인 다음 세대 접근,Chartreuse
